-- MySQL dump 10.13  Distrib 5.7.24, for Win64 (x86_64)
--
-- Host: 127.0.0.1    Database: db_rekom_pegawai
-- ------------------------------------------------------
-- Server version	5.7.24

/*!40101 SET @OLD_CHARACTER_SET_CLIENT=@@CHARACTER_SET_CLIENT */;
/*!40101 SET @OLD_CHARACTER_SET_RESULTS=@@CHARACTER_SET_RESULTS */;
/*!40101 SET @OLD_COLLATION_CONNECTION=@@COLLATION_CONNECTION */;
/*!40101 SET NAMES utf8 */;
/*!40103 SET @OLD_TIME_ZONE=@@TIME_ZONE */;
/*!40103 SET TIME_ZONE='+00:00' */;
/*!40014 SET @OLD_UNIQUE_CHECKS=@@UNIQUE_CHECKS, UNIQUE_CHECKS=0 */;
/*!40014 SET @OLD_FOREIGN_KEY_CHECKS=@@FOREIGN_KEY_CHECKS, FOREIGN_KEY_CHECKS=0 */;
/*!40101 SET @OLD_SQL_MODE=@@SQL_MODE, SQL_MODE='NO_AUTO_VALUE_ON_ZERO' */;
/*!40111 SET @OLD_SQL_NOTES=@@SQL_NOTES, SQL_NOTES=0 */;

--
-- Table structure for table `failed_jobs`
--

DROP TABLE IF EXISTS `failed_jobs`;
/*!40101 SET @saved_cs_client     = @@character_set_client */;
/*!40101 SET character_set_client = utf8 */;
CREATE TABLE `failed_jobs` (
  `id` bigint(20) unsigned NOT NULL AUTO_INCREMENT,
  `uuid` varchar(255) COLLATE utf8mb4_unicode_ci NOT NULL,
  `connection` text COLLATE utf8mb4_unicode_ci NOT NULL,
  `queue` text COLLATE utf8mb4_unicode_ci NOT NULL,
  `payload` longtext COLLATE utf8mb4_unicode_ci NOT NULL,
  `exception` longtext COLLATE utf8mb4_unicode_ci NOT NULL,
  `failed_at` timestamp NOT NULL DEFAULT CURRENT_TIMESTAMP,
  PRIMARY KEY (`id`),
  UNIQUE KEY `failed_jobs_uuid_unique` (`uuid`)
) ENGINE=InnoDB DEFAULT CHARSET=utf8mb4 COLLATE=utf8mb4_unicode_ci;
/*!40101 SET character_set_client = @saved_cs_client */;

--
-- Dumping data for table `failed_jobs`
--

LOCK TABLES `failed_jobs` WRITE;
/*!40000 ALTER TABLE `failed_jobs` DISABLE KEYS */;
/*!40000 ALTER TABLE `failed_jobs` ENABLE KEYS */;
UNLOCK TABLES;

--
-- Table structure for table `file`
--

DROP TABLE IF EXISTS `file`;
/*!40101 SET @saved_cs_client     = @@character_set_client */;
/*!40101 SET character_set_client = utf8 */;
CREATE TABLE `file` (
  `id` int(11) NOT NULL AUTO_INCREMENT,
  `file_id` varchar(500) NOT NULL,
  `parent_file_id` int(11) NOT NULL,
  `name_origin` text NOT NULL,
  `name_random` text NOT NULL,
  `path` varchar(500) NOT NULL,
  `size` varchar(500) DEFAULT NULL,
  `created_at` timestamp NULL DEFAULT NULL,
  `updated_at` timestamp NULL DEFAULT NULL,
  PRIMARY KEY (`id`),
  UNIQUE KEY `file_id` (`file_id`)
) ENGINE=InnoDB AUTO_INCREMENT=96 DEFAULT CHARSET=latin1;
/*!40101 SET character_set_client = @saved_cs_client */;

--
-- Dumping data for table `file`
--

LOCK TABLES `file` WRITE;
/*!40000 ALTER TABLE `file` DISABLE KEYS */;
INSERT INTO `file` VALUES (83,'9e74dfd0-be2a-4074-861c-2bf79db9101a',247,'report-1670919544-1670983936.pdf','report-1670919544-1670983936-1672375328.pdf','2022/12/pengajuan','77196','2022-12-30 04:42:08','2022-12-30 04:42:08'),(84,'61db707e-d8a0-4415-8fd2-0bbe62ed1055',247,'Qris1000-1671158354.pdf','Qris1000-1671158354-1672375328.pdf','2022/12/pengajuan','224577','2022-12-30 04:42:08','2022-12-30 04:42:08'),(85,'48d92531-9631-409b-89f0-fa95d2334562',247,'surat-rekom-1672376015.pdf','surat-rekom-1672376015.pdf','2022/12/surat_rekom',NULL,'2022-12-30 04:53:37','2022-12-30 04:53:37'),(86,'141cc460-264b-4e31-ae94-8a8181e6cba1',248,'report-1670919544.pdf','report-1670919544-1672376172.pdf','2022/12/pengajuan','77196','2022-12-30 04:56:12','2022-12-30 04:56:12'),(87,'d1b689d6-5864-494c-bc66-da743eebe98c',248,'SK a.n Andy Susanto.pdf','SK-a.n-Andy-Susanto-1672376172.pdf','2022/12/pengajuan','481365','2022-12-30 04:56:12','2022-12-30 04:56:12'),(88,'8797bda9-55c1-416e-a17a-34c9d08a73c5',249,'report-1670919544-1670983936.pdf','report-1670919544-1670983936-1672380153.pdf','2022/12/pengajuan','77196','2022-12-30 06:02:33','2022-12-30 06:02:33'),(89,'4499b09e-25aa-4d1d-b23e-6397dbbefdfa',249,'SK a.n Andy Susanto.pdf','SK-a.n-Andy-Susanto-1672380153.pdf','2022/12/pengajuan','481365','2022-12-30 06:02:33','2022-12-30 06:02:33'),(95,'64e12729-9809-40f0-a03d-8817f298bd32',3,'ttd-1672645427.jpg','ttd-1672645427-1672651136.jpg','2023/01/profile','25365','2023-01-02 09:17:52','2023-01-02 09:18:56');
/*!40000 ALTER TABLE `file` ENABLE KEYS */;
UNLOCK TABLES;

--
-- Table structure for table `keperluan`
--

DROP TABLE IF EXISTS `keperluan`;
/*!40101 SET @saved_cs_client     = @@character_set_client */;
/*!40101 SET character_set_client = utf8 */;
CREATE TABLE `keperluan` (
  `id` int(11) NOT NULL AUTO_INCREMENT,
  `nama` varchar(500) DEFAULT NULL,
  `kode_surat` varchar(500) DEFAULT NULL,
  `created_at` timestamp NULL DEFAULT NULL,
  `updated_at` timestamp NULL DEFAULT NULL,
  PRIMARY KEY (`id`)
) ENGINE=InnoDB AUTO_INCREMENT=12 DEFAULT CHARSET=latin1;
/*!40101 SET character_set_client = @saved_cs_client */;

--
-- Dumping data for table `keperluan`
--

LOCK TABLES `keperluan` WRITE;
/*!40000 ALTER TABLE `keperluan` DISABLE KEYS */;
INSERT INTO `keperluan` VALUES (1,'Usulan Mutasi Antar OPD','PEG.03.00','2022-11-28 02:43:57','2022-11-28 02:43:57'),(2,'Usulan Mutasi Antar Daerah','PEG.03.00','2022-11-28 02:45:04','2022-11-28 02:45:13'),(3,'Pindah Tugas','PEG.03.00','2022-11-28 02:45:05','2022-11-28 02:45:13'),(4,'Usulan Kenaikan Pangkat Periode April','PEG.03.01','2022-11-28 02:45:05','2022-11-28 02:45:12'),(5,'Usulan Kenaikan Pangkat Periode Oktober','PEG.03.01','2022-11-28 02:45:06','2022-11-28 02:45:12'),(6,'Izin Belajar','PEG.04.00','2022-11-28 02:45:06','2022-11-28 02:45:11'),(7,'Tugas Belajar','PEG.04.00','2022-11-28 02:45:07','2022-11-28 02:45:11'),(8,'Usulan Pensiun','PEG.10.03','2022-11-28 02:45:07','2022-11-28 02:45:10'),(9,'Usulan Satyalencana 10 Tahun','PEG.12.07','2022-11-28 02:45:08','2022-11-28 02:45:10'),(10,'Usulan Satyalencana 20 Tahun','PEG.12.07','2022-11-28 02:45:08','2022-11-28 02:45:10'),(11,'Usulan Satyalencana 30 Tahun','PEG.12.07','2022-11-28 02:45:09','2022-11-28 02:45:09');
/*!40000 ALTER TABLE `keperluan` ENABLE KEYS */;
UNLOCK TABLES;

--
-- Table structure for table `master_rekom`
--

DROP TABLE IF EXISTS `master_rekom`;
/*!40101 SET @saved_cs_client     = @@character_set_client */;
/*!40101 SET character_set_client = utf8 */;
CREATE TABLE `master_rekom` (
  `id` int(11) NOT NULL AUTO_INCREMENT,
  `nama` varchar(500) DEFAULT NULL,
  `nip` varchar(500) DEFAULT NULL,
  `rekom_jenis` enum('DISIPLIN','TEMUAN') DEFAULT NULL,
  `ketentuan` text,
  `alasan` text,
  `hukuman` text,
  `no_lhp` text,
  `tahun_temuan` text,
  `updated_at` timestamp NULL DEFAULT NULL,
  `created_at` timestamp NULL DEFAULT NULL,
  PRIMARY KEY (`id`)
) ENGINE=InnoDB AUTO_INCREMENT=17 DEFAULT CHARSET=latin1;
/*!40101 SET character_set_client = @saved_cs_client */;

--
-- Dumping data for table `master_rekom`
--

LOCK TABLES `master_rekom` WRITE;
/*!40000 ALTER TABLE `master_rekom` DISABLE KEYS */;
INSERT INTO `master_rekom` VALUES (12,'SHAFNIATI','199006052020122014','DISIPLIN','de','wed','dwed',NULL,NULL,'2022-12-09 18:26:12','2022-12-08 04:23:00'),(13,'IRWANSYAH','196804221993031004','TEMUAN',NULL,NULL,NULL,'112233','112244','2022-12-09 18:23:52','2022-12-08 04:23:08'),(16,'NOVIARDI ','196811142000121001','DISIPLIN','dwdqwd','qdwqd','qwdqwdqwd',NULL,NULL,'2022-12-18 02:58:02','2022-12-09 18:53:02');
/*!40000 ALTER TABLE `master_rekom` ENABLE KEYS */;
UNLOCK TABLES;

--
-- Table structure for table `migrations`
--

DROP TABLE IF EXISTS `migrations`;
/*!40101 SET @saved_cs_client     = @@character_set_client */;
/*!40101 SET character_set_client = utf8 */;
CREATE TABLE `migrations` (
  `id` int(10) unsigned NOT NULL AUTO_INCREMENT,
  `migration` varchar(255) COLLATE utf8mb4_unicode_ci NOT NULL,
  `batch` int(11) NOT NULL,
  PRIMARY KEY (`id`)
) ENGINE=InnoDB AUTO_INCREMENT=7 DEFAULT CHARSET=utf8mb4 COLLATE=utf8mb4_unicode_ci;
/*!40101 SET character_set_client = @saved_cs_client */;

--
-- Dumping data for table `migrations`
--

LOCK TABLES `migrations` WRITE;
/*!40000 ALTER TABLE `migrations` DISABLE KEYS */;
INSERT INTO `migrations` VALUES (1,'2014_10_12_000000_create_users_table',1),(2,'2014_10_12_100000_create_password_resets_table',1),(3,'2019_08_19_000000_create_failed_jobs_table',1),(4,'2019_12_14_000001_create_personal_access_tokens_table',1),(5,'2022_03_19_102456_create_permission_tables',1),(6,'2022_03_29_105225_create_settings_table',1);
/*!40000 ALTER TABLE `migrations` ENABLE KEYS */;
UNLOCK TABLES;

--
-- Table structure for table `model_has_permissions`
--

DROP TABLE IF EXISTS `model_has_permissions`;
/*!40101 SET @saved_cs_client     = @@character_set_client */;
/*!40101 SET character_set_client = utf8 */;
CREATE TABLE `model_has_permissions` (
  `permission_id` bigint(20) unsigned NOT NULL,
  `model_type` varchar(255) COLLATE utf8mb4_unicode_ci NOT NULL,
  `model_id` bigint(20) unsigned NOT NULL,
  PRIMARY KEY (`permission_id`,`model_id`,`model_type`),
  KEY `model_has_permissions_model_id_model_type_index` (`model_id`,`model_type`),
  CONSTRAINT `model_has_permissions_permission_id_foreign` FOREIGN KEY (`permission_id`) REFERENCES `permissions` (`id`) ON DELETE CASCADE
) ENGINE=InnoDB DEFAULT CHARSET=utf8mb4 COLLATE=utf8mb4_unicode_ci;
/*!40101 SET character_set_client = @saved_cs_client */;

--
-- Dumping data for table `model_has_permissions`
--

LOCK TABLES `model_has_permissions` WRITE;
/*!40000 ALTER TABLE `model_has_permissions` DISABLE KEYS */;
/*!40000 ALTER TABLE `model_has_permissions` ENABLE KEYS */;
UNLOCK TABLES;

--
-- Table structure for table `model_has_roles`
--

DROP TABLE IF EXISTS `model_has_roles`;
/*!40101 SET @saved_cs_client     = @@character_set_client */;
/*!40101 SET character_set_client = utf8 */;
CREATE TABLE `model_has_roles` (
  `role_id` bigint(20) unsigned NOT NULL,
  `model_type` varchar(255) COLLATE utf8mb4_unicode_ci NOT NULL,
  `model_id` bigint(20) unsigned NOT NULL,
  PRIMARY KEY (`role_id`,`model_id`,`model_type`),
  KEY `model_has_roles_model_id_model_type_index` (`model_id`,`model_type`),
  CONSTRAINT `model_has_roles_role_id_foreign` FOREIGN KEY (`role_id`) REFERENCES `roles` (`id`) ON DELETE CASCADE
) ENGINE=InnoDB DEFAULT CHARSET=utf8mb4 COLLATE=utf8mb4_unicode_ci;
/*!40101 SET character_set_client = @saved_cs_client */;

--
-- Dumping data for table `model_has_roles`
--

LOCK TABLES `model_has_roles` WRITE;
/*!40000 ALTER TABLE `model_has_roles` DISABLE KEYS */;
INSERT INTO `model_has_roles` VALUES (1,'App\\Models\\User',1),(3,'App\\Models\\User',2),(2,'App\\Models\\User',3),(5,'App\\Models\\User',4),(4,'App\\Models\\User',5);
/*!40000 ALTER TABLE `model_has_roles` ENABLE KEYS */;
UNLOCK TABLES;

--
-- Table structure for table `opd`
--

DROP TABLE IF EXISTS `opd`;
/*!40101 SET @saved_cs_client     = @@character_set_client */;
/*!40101 SET character_set_client = utf8 */;
CREATE TABLE `opd` (
  `id` int(10) unsigned NOT NULL,
  `kunker` char(50) DEFAULT NULL,
  `nunker` varchar(500) DEFAULT NULL,
  `created_at` timestamp NULL DEFAULT NULL,
  `updated_at` timestamp NULL DEFAULT NULL,
  PRIMARY KEY (`id`)
) ENGINE=InnoDB DEFAULT CHARSET=latin1;
/*!40101 SET character_set_client = @saved_cs_client */;

--
-- Dumping data for table `opd`
--

LOCK TABLES `opd` WRITE;
/*!40000 ALTER TABLE `opd` DISABLE KEYS */;
INSERT INTO `opd` VALUES (1,'4007000000','BADAN KEPEGAWAIAN & PENGEMBANGAN SDM DAERAH','2021-11-08 06:57:14','2022-04-15 08:18:16'),(2,'4010000000','BADAN KESATUAN BANGSA & POLITIK','2021-11-08 06:57:14','2022-04-15 08:18:16'),(3,'4030000000','BADAN NARKOTIKA NASIONAL (BNN)','2021-11-08 06:57:14','2021-11-08 06:57:36'),(4,'4008000000','BADAN PENGELOLA KEUANGAN & ASET DAERAH','2021-11-08 06:57:14','2022-04-15 08:18:16'),(5,'4009000000','BADAN PENGELOLA PAJAK & RETRIBUSI DAERAH','2021-11-08 06:57:14','2022-04-15 08:18:16'),(6,'4006000000','BADAN PERENCANAAN PEMBANGUNAN DAERAH','2021-11-08 06:57:14','2022-04-15 08:18:16'),(7,'3003000000','BAGIAN HUKUM','2021-11-08 06:57:14','2021-11-08 06:57:36'),(8,'3005000000','BAGIAN KERJASAMA','2021-11-08 06:57:14','2021-11-08 06:57:36'),(9,'3004000000','BAGIAN KESEJAHTERAAN RAKYAT','2021-11-08 06:57:14','2021-11-08 06:57:36'),(10,'3009000000','BAGIAN ORGANISASI','2021-11-08 06:57:14','2021-11-08 06:57:36'),(11,'3007000000','BAGIAN PENGADAAN BARANG/JASA & ADMINISTRASI PEMBANGUNAN','2021-11-08 06:57:14','2021-11-08 06:57:36'),(12,'3006000000','BAGIAN PEREKONOMIAN & SDA','2021-11-08 06:57:14','2021-11-08 06:57:36'),(13,'3011000000','BAGIAN PERENCANAAN & KEUANGAN','2021-11-08 06:57:14','2022-06-15 02:36:02'),(14,'3010000000','BAGIAN PROTOKOL & KOMUNIKASI PIMPINAN','2021-11-08 06:57:14','2021-11-08 06:57:36'),(15,'3002000000','BAGIAN TATA PEMERINTAHAN','2021-11-08 06:57:14','2021-11-08 06:57:36'),(16,'3008000000','BAGIAN UMUM','2021-11-08 06:57:14','2021-11-08 06:57:36'),(17,'4024000000','DINAS KEARSIPAN & PERPUSTAKAAN','2021-11-08 06:57:14','2022-04-15 08:18:16'),(18,'4019000000','DINAS KEPENDUDUKAN & PENCATATAN SIPIL','2021-11-08 06:57:14','2022-04-15 08:18:16'),(19,'4012000000','DINAS KESEHATAN','2021-11-08 06:57:14','2021-11-08 06:57:36'),(20,'4021000000','DINAS KOMUNIKASI & INFORMATIKA','2021-11-08 06:57:14','2022-04-15 08:18:16'),(21,'4018000000','DINAS LINGKUNGAN HIDUP','2021-11-08 06:57:14','2021-11-08 06:57:36'),(22,'4026000000','DINAS PARIWISATA & KEBUDAYAAN','2021-11-08 06:57:14','2022-04-15 08:18:16'),(23,'4013000000','DINAS PEKERJAAN UMUM & PENATAAN RUANG','2021-11-08 06:57:14','2022-04-15 08:18:16'),(24,'4028000000','DINAS PEMADAM KEBAKARAN & PENYELAMATAN','2021-11-08 06:57:14','2022-04-15 08:18:16'),(25,'4025000000','DINAS PEMUDA & OLAHRAGA','2021-11-08 06:57:14','2022-04-15 08:18:16'),(26,'4023000000','DINAS PENANAMAN MODAL & PELAYANAN TERPADU SATU PINTU','2021-11-08 06:57:14','2022-04-15 08:18:16'),(27,'4011000000','DINAS PENDIDIKAN','2021-11-08 06:57:14','2021-11-08 06:57:36'),(28,'4016000000','DINAS PENGENDALIAN PENDUDUK & KELUARGA BERENCANA','2021-11-08 06:57:14','2022-04-15 08:18:16'),(29,'4027000000','DINAS PERDAGANGAN & PERINDUSTRIAN','2021-11-08 06:57:14','2022-04-15 08:18:16'),(30,'4020000000','DINAS PERHUBUNGAN','2021-11-08 06:57:14','2021-11-08 06:57:36'),(31,'4017000000','DINAS PERMBERDAYAAN MASYARAKAT, PEREMPUAN & PERLINDUNGAN ANAK','2021-11-08 06:57:14','2022-04-15 08:18:16'),(32,'4029000000','DINAS PERTANIAN & KETAHANAN PANGAN','2021-11-08 06:57:14','2022-04-15 08:18:16'),(33,'4014000000','DINAS PERUMAHAN RAKYAT & KAWASAN PERMUKIMAN','2021-11-08 06:57:14','2022-04-15 08:18:16'),(34,'4015000000','DINAS SOSIAL','2021-11-08 06:57:14','2021-11-08 06:57:36'),(35,'4022000000','DINAS TENAGA KERJA, KOPERASI & USAHA KECIL MENENGAH','2021-11-08 06:57:14','2022-04-15 08:18:16'),(36,'4002000000','INSPEKTORAT KOTA JAMBI','2021-11-08 06:57:14','2021-11-08 06:57:36'),(37,'4049000000','KECAMATAN ALAM BARAJO','2021-11-08 06:57:14','2021-11-08 06:57:36'),(38,'4051000000','KECAMATAN DANAU SIPIN','2021-11-08 06:57:14','2021-11-08 06:57:36'),(39,'4047000000','KECAMATAN DANAU TELUK','2021-11-08 06:57:14','2021-11-08 06:57:36'),(40,'4042000000','KECAMATAN JAMBI SELATAN','2021-11-08 06:57:14','2021-11-08 06:57:36'),(41,'4041000000','KECAMATAN JAMBI TIMUR','2021-11-08 06:57:14','2021-11-08 06:57:36'),(42,'4045000000','KECAMATAN JELUTUNG','2021-11-08 06:57:14','2021-11-08 06:57:36'),(43,'4044000000','KECAMATAN KOTA BARU','2021-11-08 06:57:14','2021-11-08 06:57:36'),(44,'4052000000','KECAMATAN PAAL MERAH','2021-11-08 06:57:14','2021-11-08 06:57:36'),(45,'4046000000','KECAMATAN PASAR','2021-11-08 06:57:14','2021-11-08 06:57:36'),(46,'4048000000','KECAMATAN PELAYANGAN','2021-11-08 06:57:14','2021-11-08 06:57:36'),(47,'4043000000','KECAMATAN TELANAIPURA','2021-11-08 06:57:14','2021-11-08 06:57:36'),(48,'4048073000','Kelurahan Arab Melayu','2021-11-08 06:57:14','2021-11-08 06:57:36'),(49,'4049074000','Kelurahan Bagan Pete','2021-11-08 06:57:14','2021-11-08 06:57:36'),(50,'4049075000','Kelurahan Beliung','2021-11-08 06:57:14','2021-11-08 06:57:36'),(51,'4046073000','Kelurahan Beringin','2021-11-08 06:57:14','2021-11-08 06:57:36'),(52,'4041076000','Kelurahan Budiman','2021-11-08 06:57:14','2021-11-08 06:57:36'),(53,'4043075000','Kelurahan Buluran Kenali','2021-11-08 06:57:14','2021-11-08 06:57:36'),(54,'4045077000','Kelurahan Cempaka Putih','2021-11-08 06:57:14','2021-11-08 06:57:36'),(55,'4052073000','Kelurahan Eka Jaya','2021-11-08 06:57:14','2021-11-08 06:57:36'),(56,'4045075000','Kelurahan Handil Jaya','2021-11-08 06:57:14','2021-11-08 06:57:36'),(57,'4048072000','Kelurahan Jelmu','2021-11-08 06:57:14','2021-11-08 06:57:36'),(58,'4045071000','Kelurahan Jelutung','2021-11-08 06:57:14','2021-11-08 06:57:36'),(59,'4041077000','Kelurahan Kasang','2021-11-08 06:57:14','2021-11-08 06:57:36'),(60,'4041079000','Kelurahan Kasang Jaya','2021-11-08 06:57:14','2021-11-08 06:57:36'),(61,'4045074000','Kelurahan Kebun Handil','2021-11-08 06:57:14','2021-11-08 06:57:36'),(62,'4044073000','Kelurahan Kenali Asam Atas','2021-11-08 06:57:14','2021-11-08 06:57:36'),(63,'4044074000','Kelurahan Kenali Asam Bawah','2021-11-08 06:57:14','2022-04-15 08:18:16'),(64,'4049071000','Kelurahan Kenali Besar','2021-11-08 06:57:14','2021-11-08 06:57:36'),(65,'4045073000','Kelurahan Lebak Bandung','2021-11-08 06:57:14','2021-11-08 06:57:36'),(66,'4051073000','Kelurahan Legok','2021-11-08 06:57:14','2021-11-08 06:57:36'),(67,'4052074000','Kelurahan Lingkar Selatan','2021-11-08 06:57:14','2021-11-08 06:57:36'),(68,'4049073000','Kelurahan Mayang Mangurai','2021-11-08 06:57:14','2021-11-08 06:57:36'),(69,'4048074000','Kelurahan Mudung Laut','2021-11-08 06:57:14','2021-11-08 06:57:36'),(70,'4051072000','Kelurahan Murni','2021-11-08 06:57:14','2021-11-08 06:57:36'),(71,'4047071000','Kelurahan Olak Kemang','2021-11-08 06:57:14','2021-11-08 06:57:36'),(72,'4046072000','Kelurahan Orang Kayo Hitam','2021-11-08 06:57:14','2021-11-08 06:57:36'),(73,'4052075000','Kelurahan Paal Merah','2021-11-08 06:57:14','2021-11-08 06:57:36'),(74,'4044071000','Kelurahan Paal V','2021-11-08 06:57:14','2021-11-08 06:57:36'),(75,'4042073000','Kelurahan Pakuan Baru','2021-11-08 06:57:14','2021-11-08 06:57:36'),(76,'4046071000','Kelurahan Pasar','2021-11-08 06:57:14','2021-11-08 06:57:36'),(77,'4047073000','Kelurahan Pasir Panjang','2021-11-08 06:57:14','2021-11-08 06:57:36'),(78,'4042072000','Kelurahan Pasir Putih','2021-11-08 06:57:14','2021-11-08 06:57:36'),(79,'4045072000','Kelurahan Payo Lebar','2021-11-08 06:57:14','2021-11-08 06:57:36'),(80,'4052072000','Kelurahan Payo Selincah','2021-11-08 06:57:14','2021-11-08 06:57:36'),(81,'4043073000','Kelurahan Pematang Sulur','2021-11-08 06:57:14','2021-11-08 06:57:36'),(82,'4043076000','Kelurahan Penyengat Rendah','2021-11-08 06:57:14','2021-11-08 06:57:36'),(83,'4041073000','Kelurahan Rajawali','2021-11-08 06:57:14','2021-11-08 06:57:36'),(84,'4049072000','Kelurahan Rawasari','2021-11-08 06:57:14','2021-11-08 06:57:36'),(85,'4051074000','Kelurahan Selamat','2021-11-08 06:57:14','2021-11-08 06:57:36'),(86,'4041075000','Kelurahan Sijenjang','2021-11-08 06:57:14','2021-11-08 06:57:36'),(87,'4044075000','Kelurahan Simpang III Sipin','2021-11-08 06:57:14','2021-11-08 06:57:36'),(88,'4043072000','Kelurahan Simpang IV Sipin','2021-11-08 06:57:14','2021-11-08 06:57:36'),(89,'4051075000','Kelurahan Solok sipin','2021-11-08 06:57:14','2021-11-08 06:57:36'),(90,'4044072000','Kelurahan Suka Karya','2021-11-08 06:57:14','2021-11-08 06:57:36'),(91,'4041078000','Kelurahan Sulanjana','2021-11-08 06:57:14','2021-11-08 06:57:36'),(92,'4046074000','Kelurahan Sungai Asam','2021-11-08 06:57:14','2021-11-08 06:57:36'),(93,'4051071000','Kelurahan Sungai Putri','2021-11-08 06:57:14','2021-11-08 06:57:36'),(94,'4048075000','Kelurahan Tahtul Yaman','2021-11-08 06:57:14','2021-11-08 06:57:36'),(95,'4052071000','Kelurahan Talang Bakung','2021-11-08 06:57:14','2021-11-08 06:57:36'),(96,'4041074000','Kelurahan Talang Banjar','2021-11-08 06:57:14','2021-11-08 06:57:36'),(97,'4045076000','Kelurahan Talang Jauh','2021-11-08 06:57:14','2021-11-08 06:57:36'),(98,'4042074000','Kelurahan Tambak Sari','2021-11-08 06:57:14','2021-11-08 06:57:36'),(99,'4048076000','Kelurahan Tanjung Johor','2021-11-08 06:57:14','2021-11-08 06:57:36'),(100,'4047075000','Kelurahan Tanjung Pasir','2021-11-08 06:57:14','2021-11-08 06:57:36'),(101,'4041072000','Kelurahan Tanjung Pinang','2021-11-08 06:57:14','2021-11-08 06:57:36'),(102,'4047074000','Kelurahan Tanjung Raden','2021-11-08 06:57:14','2021-11-08 06:57:36'),(103,'4041071000','Kelurahan Tanjung Sari','2021-11-08 06:57:14','2021-11-08 06:57:36'),(104,'4043071000','Kelurahan Telanaipura','2021-11-08 06:57:14','2021-11-08 06:57:36'),(105,'4043074000','Kelurahan Teluk Kenali','2021-11-08 06:57:14','2021-11-08 06:57:36'),(106,'4048071000','Kelurahan Tengah','2021-11-08 06:57:14','2021-11-08 06:57:36'),(107,'4042071000','Kelurahan The Hok','2021-11-08 06:57:14','2021-11-08 06:57:36'),(108,'4047072000','Kelurahan Ulu Gedong','2021-11-08 06:57:14','2021-11-08 06:57:36'),(109,'4042075000','Kelurahan Wijayapura','2021-11-08 06:57:14','2021-11-08 06:57:36'),(110,'4077030000','Poskendes Mutiara Hijau','2021-11-08 06:57:14','2021-11-08 06:57:36'),(111,'4061030000','Poskesdes Teluk Kenali','2021-11-08 06:57:14','2021-11-08 06:57:36'),(112,'4061010000','PUSKESMAS AUR DURI','2021-11-08 06:57:14','2021-11-08 06:57:36'),(113,'4079010000','PUSKESMAS KEBUN HANDIL','2021-11-08 06:57:14','2021-11-08 06:57:36'),(114,'4067010000','PUSKESMAS KEBUN KOPI','2021-11-08 06:57:14','2021-11-08 06:57:36'),(115,'4081010000','PUSKESMAS KENALI BESAR','2021-11-08 06:57:14','2021-11-08 06:57:36'),(116,'4075010000','PUSKESMAS KONI','2021-11-08 06:57:14','2021-11-08 06:57:36'),(117,'4073010000','PUSKESMAS OLAK KEMANG','2021-11-08 06:57:14','2021-11-08 06:57:36'),(118,'4071010000','PUSKESMAS PAAL MERAH I','2021-11-08 06:57:14','2021-11-08 06:57:36'),(119,'4072010000','PUSKESMAS PAAL MERAH II','2021-11-08 06:57:14','2021-11-08 06:57:36'),(120,'4076010000','PUSKESMAS PAAL V','2021-11-08 06:57:14','2021-11-08 06:57:36'),(121,'4077010000','PUSKESMAS PAAL X','2021-11-08 06:57:14','2021-11-08 06:57:36'),(122,'4066010000','PUSKESMAS PAKUAN BARU','2021-11-08 06:57:14','2021-11-08 06:57:36'),(123,'4069010000','PUSKESMAS PAYO SELINCAH','2021-11-08 06:57:14','2021-11-08 06:57:36'),(124,'4063010000','PUSKESMAS PUTRI AYU','2021-11-08 06:57:14','2021-11-08 06:57:36'),(125,'4082010000','PUSKESMAS RAWASARI','2021-11-08 06:57:14','2021-11-08 06:57:36'),(126,'4062010000','PUSKESMAS SIMP. IV SIPIN','2021-11-08 06:57:14','2021-11-08 06:57:36'),(127,'4078010000','PUSKESMAS SIMPANG KAWAT','2021-11-08 06:57:14','2021-11-08 06:57:36'),(128,'4074010000','PUSKESMAS TAHTUL YAMAN','2021-11-08 06:57:14','2021-11-08 06:57:36'),(129,'4068010000','PUSKESMAS TALANG BAKUNG','2021-11-08 06:57:14','2021-11-08 06:57:36'),(130,'4065010000','PUSKESMAS TALANG BANJAR','2021-11-08 06:57:14','2021-11-08 06:57:36'),(131,'4064010000','PUSKESMAS TANJUNG PINANG','2021-11-08 06:57:14','2021-11-08 06:57:36'),(132,'4065020000','Pustu Budiman','2021-11-08 06:57:14','2021-11-08 06:57:36'),(133,'4061020000','Pustu Buluran Kenali','2021-11-08 06:57:14','2021-11-08 06:57:36'),(134,'4078020000','Pustu Cempaka Putih','2021-11-08 06:57:14','2021-11-08 06:57:36'),(135,'4063050000','Pustu Danau Sipin','2021-11-08 06:57:14','2021-11-08 06:57:36'),(136,'4062030000','Pustu GOLF','2021-11-08 06:57:14','2021-11-08 06:57:36'),(137,'4082020000','Pustu Hidayat','2021-11-08 06:57:14','2021-11-08 06:57:36'),(138,'4079020000','Pustu Jelutung','2021-11-08 06:57:14','2021-11-08 06:57:36'),(139,'4073040000','Pustu Kampung Jawa','2021-11-08 06:57:14','2021-11-08 06:57:36'),(140,'4074030000','Pustu Kampung Tengah','2021-11-08 06:57:14','2021-11-08 06:57:36'),(141,'4064040000','Pustu Kasang Jaya','2021-11-08 06:57:14','2021-11-08 06:57:36'),(142,'4069040000','Pustu Kebun Pete','2021-11-08 06:57:14','2021-11-08 06:57:36'),(143,'4077020000','Pustu Kenali Asam Atas','2021-11-08 06:57:14','2021-11-08 06:57:36'),(144,'4081020000','Pustu Kenali Besar','2021-11-08 06:57:14','2021-11-08 06:57:36'),(145,'4082030000','Pustu Kenali Permai','2021-11-08 06:57:14','2021-11-08 06:57:36'),(146,'4078030000','Pustu Lebak Bandung','2021-11-08 06:57:14','2021-11-08 06:57:36'),(147,'4063020000','Pustu Legok','2021-11-08 06:57:14','2021-11-08 06:57:36'),(148,'4074020000','Pustu Mudung Laut','2021-11-08 06:57:14','2021-11-08 06:57:36'),(149,'4061040000','Pustu Penyengat Rendah','2021-11-08 06:57:14','2021-11-08 06:57:36'),(150,'4079030000','Pustu Perumnas','2021-11-08 06:57:14','2021-11-08 06:57:36'),(151,'4063060000','Pustu Selamat','2021-11-08 06:57:14','2021-11-08 06:57:36'),(152,'4064020000','Pustu Sijinjang I','2021-11-08 06:57:14','2021-11-08 06:57:36'),(153,'4064030000','Pustu Sijinjang II','2021-11-08 06:57:14','2021-11-08 06:57:36'),(154,'4082040000','Pustu Simp. III Sipin','2021-11-08 06:57:14','2021-11-08 06:57:36'),(155,'4063040000','Pustu Simpang Pulai','2021-11-08 06:57:14','2021-11-08 06:57:36'),(156,'4075020000','Pustu Sungai Asam','2021-11-08 06:57:14','2021-11-08 06:57:36'),(157,'4063030000','Pustu Sungai Putri','2021-11-08 06:57:14','2021-11-08 06:57:36'),(158,'4076020000','Pustu Sungai Sawang','2021-11-08 06:57:14','2021-11-08 06:57:36'),(159,'4074040000','Pustu Tanjung Johor','2021-11-08 06:57:14','2021-11-08 06:57:36'),(160,'4069020000','Pustu Tanjung Lumut','2021-11-08 06:57:14','2021-11-08 06:57:36'),(161,'4073030000','Pustu Tanjung Raden','2021-11-08 06:57:14','2021-11-08 06:57:36'),(162,'4065030000','Pustu Tanjung Sari','2021-11-08 06:57:14','2021-11-08 06:57:36'),(163,'4067030000','Pustu Thehok','2021-11-08 06:57:14','2021-11-08 06:57:36'),(164,'4067020000','Pustu Wahyu','2021-11-08 06:57:14','2021-11-08 06:57:36'),(165,'4069030000','Pustu Liposos','2021-11-08 06:57:14','2022-04-15 08:18:16'),(166,'4004000000','RSUD H. ABDUL MANAP KOTA JAMBI','2021-11-08 06:57:14','2021-11-08 06:57:36'),(167,'4005000000','RSUD H. ABDURRAHMAN SAYOETI KOTA JAMBI','2021-11-08 06:57:14','2021-11-08 06:57:36'),(168,'5070500000','SANGGAR KEGIATAN BELAJAR (SKB)','2021-11-08 06:57:14','2021-11-08 06:57:36'),(169,'4003000000','SATUAN POLISI PAMONG PRAJA KOTA JAMBI','2021-11-08 06:57:14','2021-11-08 06:57:36'),(170,'5030100000','SD No. 1/IV','2021-11-08 06:57:14','2021-11-08 06:57:36'),(171,'5060600000','SD No. 10/IV','2021-11-08 06:57:14','2021-11-08 06:57:36'),(172,'5021100000','SD No. 103/IV','2021-11-08 06:57:14','2021-11-08 06:57:36'),(173,'5011400000','SD No. 104/IV','2021-11-08 06:57:14','2021-11-08 06:57:36'),(174,'5051400000','SD No. 105/IV','2021-11-08 06:57:14','2021-11-08 06:57:36'),(175,'5021200000','SD No. 107/IV','2021-11-08 06:57:14','2021-11-08 06:57:36'),(176,'5021300000','SD No. 108/IV','2021-11-08 06:57:14','2021-11-08 06:57:36'),(177,'5021400000','SD No. 109/IV','2021-11-08 06:57:14','2021-11-08 06:57:36'),(178,'5020200000','SD No. 11/IV','2021-11-08 06:57:14','2021-11-08 06:57:36'),(179,'5021500000','SD No. 110/IV','2021-11-08 06:57:14','2021-11-08 06:57:36'),(180,'5021600000','SD No. 111/IV','2021-11-08 06:57:14','2021-11-08 06:57:36'),(181,'5041800000','SD No. 113/IV','2021-11-08 06:57:14','2021-11-08 06:57:36'),(182,'5021700000','SD No. 114/IV','2021-11-08 06:57:14','2021-11-08 06:57:36'),(183,'5031500000','SD No. 115/IV','2021-11-08 06:57:14','2021-11-08 06:57:36'),(184,'5011500000','SD No. 116/IV','2021-11-08 06:57:14','2021-11-08 06:57:36'),(185,'5031600000','SD No. 118/IV','2021-11-08 06:57:14','2021-11-08 06:57:36'),(186,'5031700000','SD No. 119/IV','2021-11-08 06:57:14','2021-11-08 06:57:36'),(187,'5041900000','SD No. 120/IV','2021-11-08 06:57:14','2021-11-08 06:57:36'),(188,'5031800000','SD No. 121/IV','2021-11-08 06:57:14','2021-11-08 06:57:36'),(189,'5042100000','SD No. 124/IV','2021-11-08 06:57:14','2021-11-08 06:57:36'),(190,'5021800000','SD No. 126/IV','2021-11-08 06:57:14','2021-11-08 06:57:36'),(191,'5061500000','SD No. 127/IV','2021-11-08 06:57:14','2021-11-08 06:57:36'),(192,'5030200000','SD No. 13/IV','2021-11-08 06:57:14','2021-11-08 06:57:36'),(193,'5011600000','SD No. 130/IV','2021-11-08 06:57:14','2021-11-08 06:57:36'),(194,'5042200000','SD No. 131/IV','2021-11-08 06:57:14','2021-11-08 06:57:36'),(195,'5011700000','SD No. 132/IV','2021-11-08 06:57:14','2021-11-08 06:57:36'),(196,'5021900000','SD No. 133/IV','2021-11-08 06:57:14','2021-11-08 06:57:36'),(197,'5022100000','SD No. 134/IV','2021-11-08 06:57:14','2021-11-08 06:57:36'),(198,'5022200000','SD No. 135/IV','2021-11-08 06:57:14','2021-11-08 06:57:36'),(199,'5051500000','SD No. 138/IV','2021-11-08 06:57:14','2021-11-08 06:57:36'),(200,'5022400000','SD No. 139/IV','2021-11-08 06:57:14','2021-11-08 06:57:36'),(201,'5031900000','SD No. 140/IV','2021-11-08 06:57:14','2021-11-08 06:57:36'),(202,'5032100000','SD No. 141/IV','2021-11-08 06:57:14','2021-11-08 06:57:36'),(203,'5042300000','SD No. 143/IV','2021-11-08 06:57:14','2021-11-08 06:57:36'),(204,'5011800000','SD No. 144/IV','2021-11-08 06:57:14','2021-11-08 06:57:36'),(205,'5011900000','SD No. 145/IV','2021-11-08 06:57:14','2021-11-08 06:57:36'),(206,'5012100000','SD No. 146/IV','2021-11-08 06:57:14','2021-11-08 06:57:36'),(207,'5012200000','SD No. 147/IV','2021-11-08 06:57:14','2021-11-08 06:57:36'),(208,'5012300000','SD No. 148/IV','2021-11-08 06:57:14','2021-11-08 06:57:36'),(209,'5012400000','SD No. 149/IV','2021-11-08 06:57:14','2021-11-08 06:57:36'),(210,'5050200000','SD No. 15/IV','2021-11-08 06:57:14','2021-11-08 06:57:36'),(211,'5012500000','SD No. 150/IV','2021-11-08 06:57:14','2021-11-08 06:57:36'),(212,'5012600000','SD No. 151/IV','2021-11-08 06:57:14','2021-11-08 06:57:36'),(213,'5022500000','SD No. 154/IV','2021-11-08 06:57:14','2021-11-08 06:57:36'),(214,'5022600000','SD No. 155/IV','2021-11-08 06:57:14','2021-11-08 06:57:36'),(215,'5022700000','SD No. 157/IV','2021-11-08 06:57:14','2021-11-08 06:57:36'),(216,'5032200000','SD No. 158/IV','2021-11-08 06:57:14','2021-11-08 06:57:36'),(217,'5050300000','SD No. 16/IV','2021-11-08 06:57:14','2021-11-08 06:57:36'),(218,'5032400000','SD No. 160/IV','2021-11-08 06:57:14','2021-11-08 06:57:36'),(219,'5032500000','SD No. 161/IV','2021-11-08 06:57:14','2021-11-08 06:57:36'),(220,'5032600000','SD No. 162/IV','2021-11-08 06:57:14','2021-11-08 06:57:36'),(221,'5032700000','SD No. 163/IV','2021-11-08 06:57:14','2021-11-08 06:57:36'),(222,'5032800000','SD No. 164/IV','2021-11-08 06:57:14','2021-11-08 06:57:36'),(223,'5032900000','SD No. 165/IV','2021-11-08 06:57:14','2021-11-08 06:57:36'),(224,'5030300000','SD No. 17/IV','2021-11-08 06:57:14','2021-11-08 06:57:36'),(225,'5042400000','SD No. 171/IV','2021-11-08 06:57:14','2021-11-08 06:57:36'),(226,'5042500000','SD No. 172/IV','2021-11-08 06:57:14','2021-11-08 06:57:36'),(227,'5042700000','SD No. 174/IV','2021-11-08 06:57:14','2021-11-08 06:57:36'),(228,'5042800000','SD No. 175/IV','2021-11-08 06:57:14','2021-11-08 06:57:36'),(229,'5012700000','SD No. 176/IV','2021-11-08 06:57:14','2021-11-08 06:57:36'),(230,'5051800000','SD No. 177/IV','2021-11-08 06:57:14','2021-11-08 06:57:36'),(231,'5022800000','SD No. 178/IV','2021-11-08 06:57:14','2021-11-08 06:57:36'),(232,'5051900000','SD No. 179/IV','2021-11-08 06:57:14','2021-11-08 06:57:36'),(233,'5060700000','SD No. 18/IV','2021-11-08 06:57:14','2021-11-08 06:57:36'),(234,'5052200000','SD No. 181/IV','2021-11-08 06:57:14','2021-11-08 06:57:36'),(235,'5022900000','SD No. 183/IV','2021-11-08 06:57:14','2021-11-08 06:57:36'),(236,'5023100000','SD No. 184/IV','2021-11-08 06:57:14','2021-11-08 06:57:36'),(237,'5023200000','SD No. 185/IV','2021-11-08 06:57:14','2021-11-08 06:57:36'),(238,'5023500000','SD No. 189/IV','2021-11-08 06:57:14','2021-11-08 06:57:36'),(239,'5050400000','SD No. 19/IV','2021-11-08 06:57:14','2021-11-08 06:57:36'),(240,'5033100000','SD No. 190/IV','2021-11-08 06:57:14','2021-11-08 06:57:36'),(241,'5033200000','SD No. 191/IV','2021-11-08 06:57:14','2021-11-08 06:57:36'),(242,'5033400000','SD No. 193/IV','2021-11-08 06:57:14','2021-11-08 06:57:36'),(243,'5012800000','SD No. 196/IV','2021-11-08 06:57:14','2021-11-08 06:57:36'),(244,'5033500000','SD No. 197/IV','2021-11-08 06:57:14','2021-11-08 06:57:36'),(245,'5042900000','SD No. 198/IV','2021-11-08 06:57:14','2021-11-08 06:57:36'),(246,'5052400000','SD No. 199/IV','2021-11-08 06:57:14','2021-11-08 06:57:36'),(247,'5060100000','SD No. 2/IV','2021-11-08 06:57:14','2021-11-08 06:57:36'),(248,'5052500000','SD No. 200/IV','2021-11-08 06:57:14','2021-11-08 06:57:36'),(249,'5043100000','SD No. 201/IV','2021-11-08 06:57:14','2021-11-08 06:57:36'),(250,'5012900000','SD No. 204/IV','2021-11-08 06:57:14','2021-11-08 06:57:36'),(251,'5013100000','SD No. 205/IV','2021-11-08 06:57:14','2021-11-08 06:57:36'),(252,'5013200000','SD No. 206/IV','2021-11-08 06:57:14','2021-11-08 06:57:36'),(253,'5023600000','SD No. 207/IV','2021-11-08 06:57:14','2021-11-08 06:57:36'),(254,'5043200000','SD No. 208/IV','2021-11-08 06:57:14','2021-11-08 06:57:36'),(255,'5043300000','SD No. 209/IV','2021-11-08 06:57:14','2021-11-08 06:57:36'),(256,'5060800000','SD No. 21/IV','2021-11-08 06:57:14','2021-11-08 06:57:36'),(257,'5013300000','SD No. 211/IV','2021-11-08 06:57:14','2021-11-08 06:57:36'),(258,'5013400000','SD No. 212/IV','2021-11-08 06:57:14','2021-11-08 06:57:36'),(259,'5013500000','SD No. 213/IV','2021-11-08 06:57:14','2021-11-08 06:57:36'),(260,'5013600000','SD No. 214/IV','2021-11-08 06:57:14','2021-11-08 06:57:36'),(261,'5013700000','SD No. 215/IV','2021-11-08 06:57:14','2021-11-08 06:57:36'),(262,'5013800000','SD No. 216/IV','2021-11-08 06:57:14','2021-11-08 06:57:36'),(263,'5013900000','SD No. 217/IV','2021-11-08 06:57:14','2021-11-08 06:57:36'),(264,'5023700000','SD No. 218/IV','2021-11-08 06:57:14','2021-11-08 06:57:36'),(265,'5014100000','SD No. 219/IV','2021-11-08 06:57:14','2021-11-08 06:57:36'),(266,'5040100000','SD No. 22/IV','2021-11-08 06:57:14','2021-11-08 06:57:36'),(267,'5043400000','SD No. 220/IV','2021-11-08 06:57:14','2021-11-08 06:57:36'),(268,'5023800000','SD No. 221/IV','2021-11-08 06:57:14','2021-11-08 06:57:36'),(269,'5014200000','SD No. 222/IV','2021-11-08 06:57:14','2021-11-08 06:57:36'),(270,'5014300000','SD No. 223/IV','2021-11-08 06:57:14','2021-11-08 06:57:36'),(271,'5023900000','SD No. 224/IV','2021-11-08 06:57:14','2021-11-08 06:57:36'),(272,'5014400000','SD No. 225/IV','2021-11-08 06:57:14','2021-11-08 06:57:36'),(273,'5030400000','SD No. 23/IV','2021-11-08 06:57:14','2021-11-08 06:57:36'),(274,'5010100000','SD No. 25/IV','2021-11-08 06:57:14','2021-11-08 06:57:36'),(275,'5040200000','SD No. 26/IV','2021-11-08 06:57:14','2021-11-08 06:57:36'),(276,'5020300000','SD No. 28/IV','2021-11-08 06:57:14','2021-11-08 06:57:36'),(277,'5060200000','SD No. 3/IV','2021-11-08 06:57:14','2021-11-08 06:57:36'),(278,'5040300000','SD No. 30/IV','2021-11-08 06:57:14','2021-11-08 06:57:36'),(279,'5050500000','SD No. 31/IV','2021-11-08 06:57:14','2021-11-08 06:57:36'),(280,'5050700000','SD No. 35/IV','2021-11-08 06:57:14','2021-11-08 06:57:36'),(281,'5010200000','SD No. 36/IV','2021-11-08 06:57:14','2021-11-08 06:57:36'),(282,'5060300000','SD No. 4/IV','2021-11-08 06:57:14','2021-11-08 06:57:36'),(283,'5020400000','SD No. 40/IV','2021-11-08 06:57:14','2021-11-08 06:57:36'),(284,'5040400000','SD No. 41/IV','2021-11-08 06:57:14','2021-11-08 06:57:36'),(285,'5010300000','SD No. 42/IV','2021-11-08 06:57:14','2021-11-08 06:57:36'),(286,'5020500000','SD No. 43/IV','2021-11-08 06:57:14','2021-11-08 06:57:36'),(287,'5060900000','SD No. 44/IV','2021-11-08 06:57:14','2021-11-08 06:57:36'),(288,'5061000000','SD No. 45/IV','2021-11-08 06:57:14','2021-11-08 06:57:36'),(289,'5020600000','SD No. 46/IV','2021-11-08 06:57:14','2021-11-08 06:57:36'),(290,'5040500000','SD No. 47/IV','2021-11-08 06:57:14','2021-11-08 06:57:36'),(291,'5061100000','SD No. 48/IV','2021-11-08 06:57:14','2021-11-08 06:57:36'),(292,'5030500000','SD No. 49/IV','2021-11-08 06:57:14','2021-11-08 06:57:36'),(293,'5030600000','SD No. 50/IV','2021-11-08 06:57:14','2021-11-08 06:57:36'),(294,'5040600000','SD No. 51/IV','2021-11-08 06:57:14','2021-11-08 06:57:36'),(295,'5040700000','SD No. 52/IV','2021-11-08 06:57:14','2021-11-08 06:57:36'),(296,'5010400000','SD No. 53/IV','2021-11-08 06:57:14','2021-11-08 06:57:36'),(297,'5061200000','SD No. 54/IV','2021-11-08 06:57:14','2021-11-08 06:57:36'),(298,'5020700000','SD No. 57/IV','2021-11-08 06:57:14','2021-11-08 06:57:36'),(299,'5050800000','SD No. 58/IV','2021-11-08 06:57:14','2021-11-08 06:57:36'),(300,'5020800000','SD No. 59/IV','2021-11-08 06:57:14','2021-11-08 06:57:36'),(301,'5060400000','SD No. 6/IV','2021-11-08 06:57:14','2021-11-08 06:57:36'),(302,'5030700000','SD No. 60/IV','2021-11-08 06:57:14','2021-11-08 06:57:36'),(303,'5030800000','SD No. 61/IV','2021-11-08 06:57:14','2021-11-08 06:57:36'),(304,'5030900000','SD No. 62/IV','2021-11-08 06:57:14','2021-11-08 06:57:36'),(305,'5010500000','SD No. 63/IV','2021-11-08 06:57:14','2021-11-08 06:57:36'),(306,'5010600000','SD No. 64/IV','2021-11-08 06:57:14','2021-11-08 06:57:36'),(307,'5010700000','SD No. 65/IV','2021-11-08 06:57:14','2021-11-08 06:57:36'),(308,'5040800000','SD No. 66/IV','2021-11-08 06:57:14','2021-11-08 06:57:36'),(309,'5041000000','SD No. 68/IV','2021-11-08 06:57:14','2021-11-08 06:57:36'),(310,'5041100000','SD No. 69/IV','2021-11-08 06:57:14','2021-11-08 06:57:36'),(311,'5061300000','SD No. 70/IV','2021-11-08 06:57:14','2021-11-08 06:57:36'),(312,'5050900000','SD No. 73/IV','2021-11-08 06:57:14','2021-11-08 06:57:36'),(313,'5051000000','SD No. 74/IV','2021-11-08 06:57:14','2021-11-08 06:57:36'),(314,'5051200000','SD No. 76/IV','2021-11-08 06:57:14','2021-11-08 06:57:36'),(315,'5051300000','SD No. 77/IV','2021-11-08 06:57:14','2021-11-08 06:57:36'),(316,'5020900000','SD No. 78/IV','2021-11-08 06:57:14','2021-11-08 06:57:36'),(317,'5021000000','SD No. 79/IV','2021-11-08 06:57:14','2021-11-08 06:57:36'),(318,'5020100000','SD No. 8/IV','2021-11-08 06:57:14','2021-11-08 06:57:36'),(319,'5031000000','SD No. 82/IV','2021-11-08 06:57:14','2021-11-08 06:57:36'),(320,'5031200000','SD No. 84/IV','2021-11-08 06:57:14','2021-11-08 06:57:36'),(321,'5031300000','SD No. 85/IV','2021-11-08 06:57:14','2021-11-08 06:57:36'),(322,'5031400000','SD No. 86/IV','2021-11-08 06:57:14','2021-11-08 06:57:36'),(323,'5041200000','SD No. 87/IV','2021-11-08 06:57:14','2021-11-08 06:57:36'),(324,'5050100000','SD No. 9/IV','2021-11-08 06:57:14','2021-11-08 06:57:36'),(325,'5041300000','SD No. 91/IV','2021-11-08 06:57:14','2021-11-08 06:57:36'),(326,'5041400000','SD No. 92/IV','2021-11-08 06:57:14','2021-11-08 06:57:36'),(327,'5010800000','SD No. 93/IV','2021-11-08 06:57:14','2021-11-08 06:57:36'),(328,'5010900000','SD No. 94/IV','2021-11-08 06:57:14','2021-11-08 06:57:36'),(329,'5041500000','SD No. 95/IV','2021-11-08 06:57:14','2021-11-08 06:57:36'),(330,'5011000000','SD No. 96/IV','2021-11-08 06:57:14','2021-11-08 06:57:36'),(331,'5011100000','SD No. 97/IV','2021-11-08 06:57:14','2021-11-08 06:57:36'),(332,'5011200000','SD No. 98/IV','2021-11-08 06:57:14','2021-11-08 06:57:36'),(333,'5011300000','SD No. 99/IV','2021-11-08 06:57:14','2021-11-08 06:57:36'),(334,'5043500000','SDS ADHYAKSA I','2021-11-08 06:57:14','2021-11-08 06:57:36'),(335,'5044100000','SDS AL-FALAH','2021-11-08 06:57:14','2021-11-08 06:57:36'),(336,'5043800000','SDS KARTIKA II-4','2021-11-08 06:57:14','2021-11-08 06:57:36'),(337,'5043700000','SDS PERTIWI I','2021-11-08 06:57:14','2021-11-08 06:57:36'),(338,'5044300000','SDS USWATUN HASANAH','2021-11-08 06:57:14','2021-11-08 06:57:36'),(339,'3001000000','SEKRETARIAT DAERAH KOTA JAMBI','2021-11-08 06:57:14','2021-11-08 06:57:36'),(340,'4001000000','SEKRETARIAT DPRD KOTA JAMBI','2021-11-08 06:57:14','2021-11-08 06:57:36'),(341,'4031000000','SEKRETARIAT KPU KOTA JAMBI','2021-11-08 06:57:14','2021-11-08 06:57:36'),(342,'5080100000','SMP NEGERI 1','2021-11-08 06:57:14','2021-11-08 06:57:36'),(343,'5081000000','SMP NEGERI 10','2021-11-08 06:57:14','2021-11-08 06:57:36'),(344,'5081100000','SMP NEGERI 11','2021-11-08 06:57:14','2021-11-08 06:57:36'),(345,'5081200000','SMP NEGERI 12','2021-11-08 06:57:14','2021-11-08 06:57:36'),(346,'5081300000','SMP NEGERI 13','2021-11-08 06:57:14','2021-11-08 06:57:36'),(347,'5081400000','SMP NEGERI 14','2021-11-08 06:57:14','2021-11-08 06:57:36'),(348,'5081500000','SMP NEGERI 15','2021-11-08 06:57:14','2021-11-08 06:57:36'),(349,'5081600000','SMP NEGERI 16','2021-11-08 06:57:14','2021-11-08 06:57:36'),(350,'5081700000','SMP NEGERI 17','2021-11-08 06:57:14','2021-11-08 06:57:36'),(351,'5081800000','SMP NEGERI 18','2021-11-08 06:57:14','2021-11-08 06:57:36'),(352,'5081900000','SMP NEGERI 19','2021-11-08 06:57:14','2021-11-08 06:57:36'),(353,'5080200000','SMP NEGERI 2','2021-11-08 06:57:14','2021-11-08 06:57:36'),(354,'5082100000','SMP NEGERI 20','2021-11-08 06:57:14','2021-11-08 06:57:36'),(355,'5082200000','SMP NEGERI 21','2021-11-08 06:57:14','2021-11-08 06:57:36'),(356,'5082300000','SMP NEGERI 22','2021-11-08 06:57:14','2021-11-08 06:57:36'),(357,'5082400000','SMP NEGERI 23','2021-11-08 06:57:14','2021-11-08 06:57:36'),(358,'5082500000','SMP NEGERI 24','2021-11-08 06:57:14','2021-11-08 06:57:36'),(359,'5082600000','SMP NEGERI 25','2021-11-08 06:57:14','2021-11-08 06:57:36'),(360,'5080300000','SMP NEGERI 3','2021-11-08 06:57:14','2021-11-08 06:57:36'),(361,'5080400000','SMP NEGERI 4','2021-11-08 06:57:14','2021-11-08 06:57:36'),(362,'5080500000','SMP NEGERI 5','2021-11-08 06:57:14','2021-11-08 06:57:36'),(363,'5080600000','SMP NEGERI 6','2021-11-08 06:57:14','2021-11-08 06:57:36'),(364,'5080700000','SMP NEGERI 7','2021-11-08 06:57:14','2021-11-08 06:57:36'),(365,'5080800000','SMP NEGERI 8','2021-11-08 06:57:14','2021-11-08 06:57:36'),(366,'5080900000','SMP NEGERI 9','2021-11-08 06:57:14','2021-11-08 06:57:36'),(367,'5083100000','SMP SWASTA / YAYASAN','2021-11-08 06:57:14','2021-11-08 06:57:36'),(368,'5070100000','TK NEGERI PEMBINA  1','2021-11-08 06:57:14','2022-11-15 02:23:33'),(369,'5070200000','TK NEGERI PEMBINA 2','2021-11-08 06:57:14','2022-06-15 02:36:02'),(370,'4012060100','UPT Instalasi Farmasi Kesehatan','2021-11-08 06:57:14','2021-11-08 06:57:36'),(371,'5020000000','WILAYAH PENDIDIKAN KEC. JAMBI SELATAN','2021-11-08 06:57:14','2022-11-15 02:23:33'),(372,'5030000000','WILAYAH PENDIDIKAN KEC. JAMBI TIMUR','2021-11-08 06:57:14','2022-11-15 02:23:33'),(373,'5050000000','WILAYAH PENDIDIKAN KEC. JELUTUNG','2021-11-08 06:57:14','2022-11-15 02:23:33'),(374,'5010000000','WILAYAH PENDIDIKAN KEC. KOTA BARU','2021-11-08 06:57:14','2022-11-15 02:23:33'),(375,'5060000000','WILAYAH PENDIDIKAN KEC. PASAR, PELAYANGAN & DANAU TELUK','2021-11-08 06:57:14','2022-11-15 02:23:33'),(376,'5040000000','WILAYAH PENDIDIKAN KEC. TELANAIPURA','2021-11-08 06:57:14','2022-11-15 02:23:33'),(377,'4012060200','UPTD Laboratorium Kesehatan Daerah','2021-11-08 06:57:14','2021-11-08 06:57:36'),(378,'5082700000','SMP NEGERI 26','2022-10-04 09:07:58','2022-10-04 09:07:58'),(379,'3012000000',NULL,'2022-10-12 22:51:24','2022-10-12 22:51:24'),(380,'4029080500',NULL,'2022-10-12 22:51:24','2022-10-12 22:51:24'),(381,'1000000',NULL,'2022-10-12 22:51:24','2022-10-12 22:51:24'),(382,'4020050100',NULL,'2022-10-12 22:51:24','2022-10-12 22:51:24'),(383,'4029080900',NULL,'2022-10-12 22:51:24','2022-10-12 22:51:24'),(384,'4029080100',NULL,'2022-10-12 22:51:24','2022-10-12 22:51:24'),(385,'4029080300',NULL,'2022-10-12 22:51:24','2022-10-12 22:51:24');
/*!40000 ALTER TABLE `opd` ENABLE KEYS */;
UNLOCK TABLES;

--
-- Table structure for table `password_resets`
--

DROP TABLE IF EXISTS `password_resets`;
/*!40101 SET @saved_cs_client     = @@character_set_client */;
/*!40101 SET character_set_client = utf8 */;
CREATE TABLE `password_resets` (
  `email` varchar(255) COLLATE utf8mb4_unicode_ci NOT NULL,
  `token` varchar(255) COLLATE utf8mb4_unicode_ci NOT NULL,
  `created_at` timestamp NULL DEFAULT NULL,
  KEY `password_resets_email_index` (`email`)
) ENGINE=InnoDB DEFAULT CHARSET=utf8mb4 COLLATE=utf8mb4_unicode_ci;
/*!40101 SET character_set_client = @saved_cs_client */;

--
-- Dumping data for table `password_resets`
--

LOCK TABLES `password_resets` WRITE;
/*!40000 ALTER TABLE `password_resets` DISABLE KEYS */;
/*!40000 ALTER TABLE `password_resets` ENABLE KEYS */;
UNLOCK TABLES;

--
-- Table structure for table `pengajuan`
--

DROP TABLE IF EXISTS `pengajuan`;
/*!40101 SET @saved_cs_client     = @@character_set_client */;
/*!40101 SET character_set_client = utf8 */;
CREATE TABLE `pengajuan` (
  `id` int(11) NOT NULL AUTO_INCREMENT,
  `nip` varchar(20) DEFAULT NULL,
  `gldepan` varchar(500) DEFAULT NULL,
  `glblk` varchar(500) DEFAULT NULL,
  `nama` varchar(500) DEFAULT NULL,
  `kunker` varchar(500) DEFAULT NULL,
  `nunker` varchar(500) DEFAULT NULL,
  `kjab` varchar(500) DEFAULT NULL,
  `njab` varchar(500) DEFAULT NULL,
  `keselon` varchar(500) DEFAULT NULL,
  `neselon` varchar(500) DEFAULT NULL,
  `kgolru` varchar(500) DEFAULT NULL,
  `ngolru` varchar(500) DEFAULT NULL,
  `pangkat` varchar(500) DEFAULT NULL,
  `photo` varchar(500) DEFAULT NULL,
  `opd_id` varchar(500) DEFAULT NULL,
  `opd_nama` varchar(500) DEFAULT NULL,
  `nomor_pengantar` varchar(500) DEFAULT NULL,
  `tgl_surat_pengantar` date DEFAULT NULL,
  `rekom_jenis` enum('DISIPLIN','TEMUAN') DEFAULT NULL,
  `keperluan_id` int(11) DEFAULT NULL,
  `pengirim_id` int(11) DEFAULT NULL,
  `penerima_id` int(11) DEFAULT NULL,
  `penerima_opd_id` int(11) DEFAULT NULL,
  `file_sk_terakhir` varchar(500) NOT NULL,
  `file_pengantar_opd` varchar(500) NOT NULL,
  `file_konversi_nip` varchar(500) DEFAULT NULL,
  `file_rekom_hasil` varchar(500) DEFAULT NULL,
  `short_url` varchar(500) DEFAULT NULL,
  `catatan` text,
  `uuid` varchar(500) NOT NULL,
  `status` enum('UNREAD','PROSES','SELESAI','TOLAK') NOT NULL DEFAULT 'UNREAD',
  `created_at` timestamp NULL DEFAULT NULL,
  `updated_at` timestamp NULL DEFAULT NULL,
  PRIMARY KEY (`id`),
  UNIQUE KEY `file_sk_terakhir` (`file_sk_terakhir`),
  UNIQUE KEY `file_pengantar_opd` (`file_pengantar_opd`),
  UNIQUE KEY `file_konversi_nip` (`file_konversi_nip`),
  UNIQUE KEY `short_url` (`short_url`),
  KEY `fk_pengajuan_users` (`pengirim_id`)
) ENGINE=InnoDB AUTO_INCREMENT=250 DEFAULT CHARSET=latin1;
/*!40101 SET character_set_client = @saved_cs_client */;

--
-- Dumping data for table `pengajuan`
--

LOCK TABLES `pengajuan` WRITE;
/*!40000 ALTER TABLE `pengajuan` DISABLE KEYS */;
INSERT INTO `pengajuan` VALUES (247,'196801101993031006','','SH, M.Kom','ISHAK JUARSYAH','4021000000','DINAS KOMUNIKASI & INFORMATIKA','402105','KABID. PERSANDIAN & KEAMANAN INFORMASI','32','III.B','134','III/d','PENATA TK. I','196801101993031006.jpg',NULL,NULL,'3123','2022-12-08','DISIPLIN',3,2,3,36,'9e74dfd0-be2a-4074-861c-2bf79db9101a','61db707e-d8a0-4415-8fd2-0bbe62ed1055',NULL,'48d92531-9631-409b-89f0-fa95d2334562','NBCo247','dqwdqwd','2ae85a5d-0821-4b79-9b57-f282af8e664e','UNREAD','2022-12-30 04:42:08','2022-12-30 04:53:37'),(248,'196806061992031006','Ir','M.Si','SUDIRMAN','4021000000','DINAS KOMUNIKASI & INFORMATIKA','402103','KABID. APLIKASI INFORMATIKA','32','III.B','141','IV/a','PEMBINA','430009409.jpg',NULL,NULL,'3123','2022-12-08','DISIPLIN',3,2,3,36,'141cc460-264b-4e31-ae94-8a8181e6cba1','d1b689d6-5864-494c-bc66-da743eebe98c',NULL,NULL,NULL,'dqwdqwd','08b1de9a-4f6f-4ff5-8b6c-d3eb26928e76','UNREAD','2022-12-30 04:56:12','2022-12-30 04:56:12'),(249,'198407172010011020','','S.I.kom, ME','FERNADA TAWAFFAL.FS','4021000000','DINAS KOMUNIKASI & INFORMATIKA','402104','KABID. TATA KELOLA TIK & STATISTIK','41','IV.A','133','III/c','PENATA','198407172010011020.jpg',NULL,NULL,'3123','2022-12-08','DISIPLIN',3,2,3,36,'8797bda9-55c1-416e-a17a-34c9d08a73c5','4499b09e-25aa-4d1d-b23e-6397dbbefdfa',NULL,NULL,NULL,'dqwdqwd','135dca15-76c3-4eaf-b27a-68e8de924d4b','UNREAD','2022-12-30 06:02:33','2022-12-30 06:02:33');
/*!40000 ALTER TABLE `pengajuan` ENABLE KEYS */;
UNLOCK TABLES;

--
-- Table structure for table `pengajuan_aksi`
--

DROP TABLE IF EXISTS `pengajuan_aksi`;
/*!40101 SET @saved_cs_client     = @@character_set_client */;
/*!40101 SET character_set_client = utf8 */;
CREATE TABLE `pengajuan_aksi` (
  `id` int(11) NOT NULL AUTO_INCREMENT,
  `status` varchar(500) NOT NULL,
  `pesan` varchar(500) NOT NULL,
  `icon` char(50) NOT NULL DEFAULT '0',
  `created_at` timestamp NULL DEFAULT NULL,
  `updated_at` timestamp NULL DEFAULT NULL,
  PRIMARY KEY (`id`) USING BTREE,
  UNIQUE KEY `status` (`status`)
) ENGINE=InnoDB AUTO_INCREMENT=9 DEFAULT CHARSET=latin1 ROW_FORMAT=DYNAMIC;
/*!40101 SET character_set_client = @saved_cs_client */;

--
-- Dumping data for table `pengajuan_aksi`
--

LOCK TABLES `pengajuan_aksi` WRITE;
/*!40000 ALTER TABLE `pengajuan_aksi` DISABLE KEYS */;
INSERT INTO `pengajuan_aksi` VALUES (1,'kirim_berkas','Mengirim Pengajuan Berkas Rekomendasi','fas fa-file-import bg-blue','2022-12-02 04:58:57','2022-12-02 04:58:58'),(2,'verifikasi_data','Verifikasi Data Pemohon','fas fa-sync-alt bg-yellow','2022-12-02 04:58:57','2022-12-02 04:58:58'),(3,'verifikasi_hukuman','Verifikasi berkas dengan data hukuman disiplin','fas fa-times bg-red','2022-12-02 04:58:57','2022-12-02 04:58:58'),(4,'meneruskan',' Meneruskan berkas ke','fas fa-share','2022-12-02 04:58:57','2022-12-02 04:58:58'),(5,'proses_surat','Memproses surat rekomendasi','fas fa-file-contract bg-blue','2022-12-02 04:58:57','2022-12-02 04:58:58'),(6,'selesai','Pengajuan Surat Rekomendasi Telah Selesai dikirim ke ','far fa-check-circle bg-green','2022-12-02 04:58:57','2022-12-02 04:58:58'),(7,'revisi','Mengirim Revisi Berkas ','fas fa-edit bg-blue','2022-12-02 04:58:57','2022-12-02 04:58:58'),(8,'tolak','Menolak berkas','fas fa-times bg-red','2022-12-02 04:58:57','2022-12-02 04:58:58');
/*!40000 ALTER TABLE `pengajuan_aksi` ENABLE KEYS */;
UNLOCK TABLES;

--
-- Table structure for table `pengajuan_aksi_old`
--

DROP TABLE IF EXISTS `pengajuan_aksi_old`;
/*!40101 SET @saved_cs_client     = @@character_set_client */;
/*!40101 SET character_set_client = utf8 */;
CREATE TABLE `pengajuan_aksi_old` (
  `id` int(11) NOT NULL AUTO_INCREMENT,
  `status` varchar(500) NOT NULL,
  `pesan` varchar(500) NOT NULL,
  `icon` char(50) NOT NULL DEFAULT '0',
  `created_at` timestamp NULL DEFAULT NULL,
  `updated_at` timestamp NULL DEFAULT NULL,
  PRIMARY KEY (`id`)
) ENGINE=InnoDB AUTO_INCREMENT=8 DEFAULT CHARSET=latin1;
/*!40101 SET character_set_client = @saved_cs_client */;

--
-- Dumping data for table `pengajuan_aksi_old`
--

LOCK TABLES `pengajuan_aksi_old` WRITE;
/*!40000 ALTER TABLE `pengajuan_aksi_old` DISABLE KEYS */;
INSERT INTO `pengajuan_aksi_old` VALUES (1,'kirim','Mengirim Pengajuan Berkas Rekomendasi','fas fa-file-import bg-blue','2022-12-02 04:58:57','2022-12-02 04:58:58'),(2,'proses','Verifikasi Kelengkapan Data','fas fa-sync-alt bg-yellow','2022-12-02 04:58:57','2022-12-02 04:58:58'),(3,'tolak','Menolak Berkas Pengajuan','fas fa-times bg-red','2022-12-02 04:58:57','2022-12-02 04:58:58'),(4,'verifikasi','Verifikasi Berkas','fas fa-paste bg-yellow','2022-12-02 04:58:57','2022-12-02 04:58:58'),(5,'siapkan','Menyiapkan Berkas','fas fa-file-contract bg-blu','2022-12-02 04:58:57','2022-12-02 04:58:58'),(6,'selesai','Pengajuan Surat Rekomendasi Telah Selesai dikirim ke ','far fa-check-circle bg-green','2022-12-02 04:58:57','2022-12-02 04:58:58'),(7,'revisi','Mengirim Revisi Berkas ','fas fa-file-contract','2022-12-02 04:58:57','2022-12-02 04:58:58');
/*!40000 ALTER TABLE `pengajuan_aksi_old` ENABLE KEYS */;
UNLOCK TABLES;

--
-- Table structure for table `pengajuan_histori`
--

DROP TABLE IF EXISTS `pengajuan_histori`;
/*!40101 SET @saved_cs_client     = @@character_set_client */;
/*!40101 SET character_set_client = utf8 */;
CREATE TABLE `pengajuan_histori` (
  `id` int(11) NOT NULL AUTO_INCREMENT,
  `pengajuan_id` int(11) DEFAULT NULL,
  `pengajuan_aksi_id` int(11) NOT NULL,
  `penerima_id` int(11) DEFAULT NULL,
  `pengirim_id` int(11) DEFAULT NULL,
  `penerima_nama` varchar(50) DEFAULT NULL,
  `pengirim_nama` varchar(50) DEFAULT NULL,
  `opd_pengirim` varchar(500) DEFAULT NULL,
  `opd_penerima` varchar(500) DEFAULT NULL,
  `pesan` varchar(500) DEFAULT NULL,
  `tgl_proses` timestamp NULL DEFAULT NULL,
  `tgl_aksi` timestamp NULL DEFAULT NULL,
  `tgl_kirim` timestamp NULL DEFAULT NULL,
  `uuid` varchar(500) DEFAULT NULL,
  `created_at` timestamp NULL DEFAULT NULL,
  `updated_at` timestamp NULL DEFAULT NULL,
  PRIMARY KEY (`id`),
  KEY `fk_pengajuan_histori_pengajuan_0` (`pengajuan_id`),
  KEY `fk_pengajuan_histori_aksi` (`pengajuan_aksi_id`),
  CONSTRAINT `fk_pengajuan_histori_aksi` FOREIGN KEY (`pengajuan_aksi_id`) REFERENCES `pengajuan_aksi` (`id`),
  CONSTRAINT `fk_pengajuan_histori_pengajuan_0` FOREIGN KEY (`pengajuan_id`) REFERENCES `pengajuan` (`id`) ON DELETE CASCADE ON UPDATE CASCADE
) ENGINE=InnoDB AUTO_INCREMENT=363 DEFAULT CHARSET=latin1 COMMENT='Status pengajuan Berkas dari admin OPD ke inspektorat\n\nPROSES, TOLAK, SELESAI';
/*!40101 SET character_set_client = @saved_cs_client */;

--
-- Dumping data for table `pengajuan_histori`
--

LOCK TABLES `pengajuan_histori` WRITE;
/*!40000 ALTER TABLE `pengajuan_histori` DISABLE KEYS */;
INSERT INTO `pengajuan_histori` VALUES (350,247,1,3,2,'Admin Inspektorat','Admin Diskominfo','DINAS KOMUNIKASI & INFORMATIKA','INSPEKTORAT KOTA JAMBI',NULL,'2022-12-30 04:42:08','2022-12-30 04:52:56','2022-12-30 04:42:08','d55678f1-46fd-452b-9444-c9f51432ebbc','2022-12-30 04:42:08','2022-12-30 04:46:09'),(351,247,2,3,3,'Admin Inspektorat','Admin Inspektorat','INSPEKTORAT KOTA JAMBI','INSPEKTORAT KOTA JAMBI',NULL,'2022-12-30 04:45:42',NULL,'2022-12-30 04:45:42','7485315e-869b-4a16-abba-82466b91ff68','2022-12-30 04:45:42','2022-12-30 04:45:42'),(352,247,4,5,3,'Admin Kasubag','Admin Inspektorat','INSPEKTORAT KOTA JAMBI','INSPEKTORAT KOTA JAMBI',NULL,'2022-12-30 04:46:09','2022-12-30 04:53:16','2022-12-30 04:46:09','7162ab2c-001e-485e-8b39-3034e5138ed9','2022-12-30 04:46:09','2022-12-30 04:53:16'),(353,247,2,5,5,'Admin Kasubag','Admin Kasubag','INSPEKTORAT KOTA JAMBI','INSPEKTORAT KOTA JAMBI',NULL,'2022-12-30 04:53:06',NULL,'2022-12-30 04:53:06','f96c4a85-f396-4db8-8abc-be79352b1f9d','2022-12-30 04:53:06','2022-12-30 04:53:06'),(354,247,4,4,5,'Inspektur','Admin Kasubag','INSPEKTORAT KOTA JAMBI','INSPEKTORAT KOTA JAMBI',NULL,'2022-12-30 04:53:16','2022-12-30 04:53:37','2022-12-30 04:53:16','cc6df86c-1f18-4902-bfba-aace48175c5f','2022-12-30 04:53:16','2022-12-30 04:53:37'),(355,247,2,4,4,'Inspektur','Inspektur','INSPEKTORAT KOTA JAMBI','INSPEKTORAT KOTA JAMBI',NULL,'2022-12-30 04:53:27',NULL,'2022-12-30 04:53:27','9b105b27-ccb5-4cf9-80d2-eea99b5f0cb0','2022-12-30 04:53:27','2022-12-30 04:53:27'),(356,247,4,3,4,'Admin Inspektorat','Inspektur','INSPEKTORAT KOTA JAMBI','INSPEKTORAT KOTA JAMBI',NULL,'2022-12-30 04:53:37',NULL,'2022-12-30 04:53:37','fc034b1f-43b2-4953-aa86-1b86b371a79a','2022-12-30 04:53:37','2022-12-30 04:53:37'),(357,247,5,3,4,'Admin Inspektorat','Inspektur','INSPEKTORAT KOTA JAMBI','INSPEKTORAT KOTA JAMBI',NULL,'2022-12-30 04:53:37',NULL,'2022-12-30 04:53:37','39341c50-fd78-40ae-bfaa-07111c24d713','2022-12-30 04:53:37','2022-12-30 04:53:37'),(358,248,1,3,2,'Admin Inspektorat','Admin Diskominfo','DINAS KOMUNIKASI & INFORMATIKA','INSPEKTORAT KOTA JAMBI',NULL,'2022-12-30 04:56:12','2022-12-30 05:54:32','2022-12-30 04:56:12','d75994d5-4c28-4c46-aa05-d66d88e2f081','2022-12-30 04:56:12','2022-12-30 05:54:32'),(359,248,2,3,3,'Admin Inspektorat','Admin Inspektorat','INSPEKTORAT KOTA JAMBI','INSPEKTORAT KOTA JAMBI',NULL,'2022-12-30 05:54:18',NULL,'2022-12-30 05:54:18','84101971-1f71-4029-8d55-73923d1b5552','2022-12-30 05:54:18','2022-12-30 05:54:18'),(360,248,8,2,3,'Admin Diskominfo','Admin Inspektorat','INSPEKTORAT KOTA JAMBI','DINAS KOMUNIKASI & INFORMATIKA','tolak aja','2022-12-30 05:54:32',NULL,'2022-12-30 05:54:32','05a921c9-ba84-4a89-a24c-58c7ae4eb83f','2022-12-30 05:54:32','2022-12-30 05:54:32'),(361,249,1,3,2,'Admin Inspektorat','Admin Diskominfo','DINAS KOMUNIKASI & INFORMATIKA','INSPEKTORAT KOTA JAMBI',NULL,'2022-12-30 06:02:33',NULL,'2022-12-30 06:02:33','afdf563e-c156-4cdd-88a5-7c1094f1f9bd','2022-12-30 06:02:33','2022-12-30 06:02:33'),(362,249,2,3,3,'Admin Inspektorat','Admin Inspektorat','INSPEKTORAT KOTA JAMBI','INSPEKTORAT KOTA JAMBI',NULL,'2023-01-02 01:13:09',NULL,'2023-01-02 01:13:09','d12f9f0b-9881-419a-a460-fe5889ecd043','2023-01-02 01:13:09','2023-01-02 01:13:09');
/*!40000 ALTER TABLE `pengajuan_histori` ENABLE KEYS */;
UNLOCK TABLES;

--
-- Table structure for table `permissions`
--

DROP TABLE IF EXISTS `permissions`;
/*!40101 SET @saved_cs_client     = @@character_set_client */;
/*!40101 SET character_set_client = utf8 */;
CREATE TABLE `permissions` (
  `id` bigint(20) unsigned NOT NULL AUTO_INCREMENT,
  `name` varchar(255) COLLATE utf8mb4_unicode_ci NOT NULL,
  `guard_name` varchar(255) COLLATE utf8mb4_unicode_ci NOT NULL,
  `created_at` timestamp NULL DEFAULT NULL,
  `updated_at` timestamp NULL DEFAULT NULL,
  PRIMARY KEY (`id`),
  UNIQUE KEY `permissions_name_guard_name_unique` (`name`,`guard_name`)
) ENGINE=InnoDB AUTO_INCREMENT=38 DEFAULT CHARSET=utf8mb4 COLLATE=utf8mb4_unicode_ci;
/*!40101 SET character_set_client = @saved_cs_client */;

--
-- Dumping data for table `permissions`
--

LOCK TABLES `permissions` WRITE;
/*!40000 ALTER TABLE `permissions` DISABLE KEYS */;
INSERT INTO `permissions` VALUES (1,'filemanager','web','2022-11-18 03:50:20','2022-11-18 03:50:20'),(2,'read module','web','2022-11-18 03:50:20','2022-11-18 03:50:20'),(3,'delete setting','web','2022-11-18 03:50:20','2022-11-18 03:50:20'),(4,'update setting','web','2022-11-18 03:50:20','2022-11-18 03:50:20'),(5,'read setting','web','2022-11-18 03:50:20','2022-11-18 03:50:20'),(6,'create setting','web','2022-11-18 03:50:20','2022-11-18 03:50:20'),(7,'delete user','web','2022-11-18 03:50:20','2022-11-18 03:50:20'),(8,'update user','web','2022-11-18 03:50:20','2022-11-18 03:50:20'),(9,'read user','web','2022-11-18 03:50:20','2022-11-18 03:50:20'),(10,'create user','web','2022-11-18 03:50:20','2022-11-18 03:50:20'),(11,'delete role','web','2022-11-18 03:50:20','2022-11-18 03:50:20'),(12,'update role','web','2022-11-18 03:50:20','2022-11-18 03:50:20'),(13,'read role','web','2022-11-18 03:50:20','2022-11-18 03:50:20'),(14,'create role','web','2022-11-18 03:50:20','2022-11-18 03:50:20'),(15,'delete permission','web','2022-11-18 03:50:20','2022-11-18 03:50:20'),(16,'update permission','web','2022-11-18 03:50:20','2022-11-18 03:50:20'),(17,'read permission','web','2022-11-18 03:50:20','2022-11-18 03:50:20'),(18,'create permission','web','2022-11-18 03:50:20','2022-11-18 03:50:20'),(19,'view_data_pegawai','web','2022-11-18 04:16:07','2022-11-18 04:16:07'),(20,'pengajuan menu','web','2022-11-18 04:41:26','2022-11-29 01:42:51'),(21,'pengajuan create','web','2022-11-22 02:08:40','2022-11-22 02:08:40'),(22,'pengajuan store','web','2022-11-22 07:59:32','2022-11-22 07:59:32'),(23,'pengajuan destroy','web','2022-11-22 07:59:43','2022-11-22 07:59:43'),(24,'pengajuan update','web','2022-11-22 07:59:50','2022-11-22 07:59:50'),(25,'profile menu','web','2022-11-29 01:43:03','2022-11-29 01:43:03'),(26,'pengajuan index','web','2022-11-29 01:43:44','2022-11-29 01:43:44'),(27,'pengajuan show','web','2022-12-03 09:27:42','2022-12-03 09:27:42'),(28,'pengajuan verifikasi kirim','web','2022-12-05 02:25:00','2022-12-05 02:38:16'),(29,'pengajuan verifikasi index','web','2022-12-05 02:38:59','2022-12-05 02:38:59'),(30,'pengajuan verifikasi tolak','web','2022-12-05 03:02:17','2022-12-05 03:02:17'),(31,'pengajuan selesai','web','2022-12-06 03:06:08','2022-12-06 03:06:08'),(32,'pengajuan filter','web','2022-12-06 18:14:56','2022-12-06 18:14:56'),(33,'master rekom pegawai','web','2022-12-07 04:02:14','2022-12-07 04:02:31'),(34,'pengajuan edit','web','2022-12-13 02:46:20','2022-12-13 02:46:20'),(35,'pengajuan revisi','web','2022-12-13 03:06:15','2022-12-13 03:06:15'),(36,'rekom cetak','web','2022-12-24 16:44:37','2022-12-24 16:44:37'),(37,'master user','web','2022-12-25 03:42:50','2022-12-25 03:42:50');
/*!40000 ALTER TABLE `permissions` ENABLE KEYS */;
UNLOCK TABLES;

--
-- Table structure for table `personal_access_tokens`
--

DROP TABLE IF EXISTS `personal_access_tokens`;
/*!40101 SET @saved_cs_client     = @@character_set_client */;
/*!40101 SET character_set_client = utf8 */;
CREATE TABLE `personal_access_tokens` (
  `id` bigint(20) unsigned NOT NULL AUTO_INCREMENT,
  `tokenable_type` varchar(255) COLLATE utf8mb4_unicode_ci NOT NULL,
  `tokenable_id` bigint(20) unsigned NOT NULL,
  `name` varchar(255) COLLATE utf8mb4_unicode_ci NOT NULL,
  `token` varchar(64) COLLATE utf8mb4_unicode_ci NOT NULL,
  `abilities` text COLLATE utf8mb4_unicode_ci,
  `last_used_at` timestamp NULL DEFAULT NULL,
  `created_at` timestamp NULL DEFAULT NULL,
  `updated_at` timestamp NULL DEFAULT NULL,
  PRIMARY KEY (`id`),
  UNIQUE KEY `personal_access_tokens_token_unique` (`token`),
  KEY `personal_access_tokens_tokenable_type_tokenable_id_index` (`tokenable_type`,`tokenable_id`)
) ENGINE=InnoDB DEFAULT CHARSET=utf8mb4 COLLATE=utf8mb4_unicode_ci;
/*!40101 SET character_set_client = @saved_cs_client */;

--
-- Dumping data for table `personal_access_tokens`
--

LOCK TABLES `personal_access_tokens` WRITE;
/*!40000 ALTER TABLE `personal_access_tokens` DISABLE KEYS */;
/*!40000 ALTER TABLE `personal_access_tokens` ENABLE KEYS */;
UNLOCK TABLES;

--
-- Table structure for table `role_has_permissions`
--

DROP TABLE IF EXISTS `role_has_permissions`;
/*!40101 SET @saved_cs_client     = @@character_set_client */;
/*!40101 SET character_set_client = utf8 */;
CREATE TABLE `role_has_permissions` (
  `permission_id` bigint(20) unsigned NOT NULL,
  `role_id` bigint(20) unsigned NOT NULL,
  PRIMARY KEY (`permission_id`,`role_id`),
  KEY `role_has_permissions_role_id_foreign` (`role_id`),
  CONSTRAINT `role_has_permissions_permission_id_foreign` FOREIGN KEY (`permission_id`) REFERENCES `permissions` (`id`) ON DELETE CASCADE,
  CONSTRAINT `role_has_permissions_role_id_foreign` FOREIGN KEY (`role_id`) REFERENCES `roles` (`id`) ON DELETE CASCADE
) ENGINE=InnoDB DEFAULT CHARSET=utf8mb4 COLLATE=utf8mb4_unicode_ci;
/*!40101 SET character_set_client = @saved_cs_client */;

--
-- Dumping data for table `role_has_permissions`
--

LOCK TABLES `role_has_permissions` WRITE;
/*!40000 ALTER TABLE `role_has_permissions` DISABLE KEYS */;
INSERT INTO `role_has_permissions` VALUES (20,2),(22,2),(23,2),(24,2),(25,2),(27,2),(28,2),(29,2),(30,2),(31,2),(32,2),(33,2),(37,2),(20,3),(21,3),(22,3),(23,3),(24,3),(25,3),(26,3),(34,3),(35,3),(20,4),(21,4),(23,4),(24,4),(25,4),(27,4),(28,4),(29,4),(30,4),(20,5),(23,5),(24,5),(25,5),(27,5),(28,5),(29,5),(30,5),(36,5);
/*!40000 ALTER TABLE `role_has_permissions` ENABLE KEYS */;
UNLOCK TABLES;

--
-- Table structure for table `roles`
--

DROP TABLE IF EXISTS `roles`;
/*!40101 SET @saved_cs_client     = @@character_set_client */;
/*!40101 SET character_set_client = utf8 */;
CREATE TABLE `roles` (
  `id` bigint(20) unsigned NOT NULL AUTO_INCREMENT,
  `name` varchar(255) COLLATE utf8mb4_unicode_ci NOT NULL,
  `guard_name` varchar(255) COLLATE utf8mb4_unicode_ci NOT NULL,
  `created_at` timestamp NULL DEFAULT NULL,
  `updated_at` timestamp NULL DEFAULT NULL,
  PRIMARY KEY (`id`),
  UNIQUE KEY `roles_name_guard_name_unique` (`name`,`guard_name`)
) ENGINE=InnoDB AUTO_INCREMENT=6 DEFAULT CHARSET=utf8mb4 COLLATE=utf8mb4_unicode_ci;
/*!40101 SET character_set_client = @saved_cs_client */;

--
-- Dumping data for table `roles`
--

LOCK TABLES `roles` WRITE;
/*!40000 ALTER TABLE `roles` DISABLE KEYS */;
INSERT INTO `roles` VALUES (1,'superadmin','web','2022-11-18 03:50:20','2022-11-18 03:50:20'),(2,'admin_inspektorat','web','2022-11-18 04:33:06','2022-11-18 04:33:06'),(3,'admin_opd','web','2022-11-18 04:33:28','2022-11-18 04:33:28'),(4,'admin_kasubag','web','2022-12-06 02:53:46','2022-12-06 02:53:46'),(5,'inspektur','web','2022-12-06 02:57:57','2022-12-06 02:57:57');
/*!40000 ALTER TABLE `roles` ENABLE KEYS */;
UNLOCK TABLES;

--
-- Table structure for table `settings`
--

DROP TABLE IF EXISTS `settings`;
/*!40101 SET @saved_cs_client     = @@character_set_client */;
/*!40101 SET character_set_client = utf8 */;
CREATE TABLE `settings` (
  `id` bigint(20) unsigned NOT NULL AUTO_INCREMENT,
  `key` varchar(255) COLLATE utf8mb4_unicode_ci NOT NULL,
  `value` text COLLATE utf8mb4_unicode_ci NOT NULL,
  `name` varchar(255) COLLATE utf8mb4_unicode_ci NOT NULL,
  `type` varchar(255) COLLATE utf8mb4_unicode_ci NOT NULL,
  `ext` varchar(255) COLLATE utf8mb4_unicode_ci DEFAULT NULL,
  `category` enum('information','contact','payment','email','api') COLLATE utf8mb4_unicode_ci DEFAULT 'information',
  `created_at` timestamp NULL DEFAULT NULL,
  `updated_at` timestamp NULL DEFAULT NULL,
  PRIMARY KEY (`id`),
  UNIQUE KEY `settings_key_unique` (`key`)
) ENGINE=InnoDB AUTO_INCREMENT=7 DEFAULT CHARSET=utf8mb4 COLLATE=utf8mb4_unicode_ci;
/*!40101 SET character_set_client = @saved_cs_client */;

--
-- Dumping data for table `settings`
--

LOCK TABLES `settings` WRITE;
/*!40000 ALTER TABLE `settings` DISABLE KEYS */;
INSERT INTO `settings` VALUES (1,'app_name','RekomPeg','Application Short Name','text',NULL,'information','2022-11-18 03:50:20','2022-11-21 03:59:58'),(2,'app_short_name','RekomPeg','Application Name','text',NULL,'information','2022-11-18 03:50:20','2022-11-21 03:59:58'),(3,'app_logo','storage/logo_kota.png','Application Logo','file','png','information','2022-11-18 03:50:20','2022-11-21 03:59:58'),(4,'app_favicon','storage/logo_kota.png','Application Favicon','file','png','information','2022-11-18 03:50:20','2022-11-21 03:59:58'),(5,'app_loading_gif','storage/logo_kota.png','Application Loading Image','file','gif','information','2022-11-18 03:50:20','2022-11-21 03:59:58'),(6,'app_map_loaction','none','Application Map Location','textarea',NULL,'contact','2022-11-18 03:50:20','2022-11-18 04:32:23');
/*!40000 ALTER TABLE `settings` ENABLE KEYS */;
UNLOCK TABLES;

--
-- Table structure for table `users`
--

DROP TABLE IF EXISTS `users`;
/*!40101 SET @saved_cs_client     = @@character_set_client */;
/*!40101 SET character_set_client = utf8 */;
CREATE TABLE `users` (
  `id` int(11) NOT NULL AUTO_INCREMENT,
  `position` varchar(500) COLLATE utf8mb4_unicode_ci DEFAULT NULL,
  `username` varchar(500) COLLATE utf8mb4_unicode_ci NOT NULL,
  `nip` varchar(500) COLLATE utf8mb4_unicode_ci DEFAULT NULL,
  `opd_id` int(10) unsigned NOT NULL,
  `name` varchar(255) COLLATE utf8mb4_unicode_ci DEFAULT NULL,
  `kontak` varchar(255) COLLATE utf8mb4_unicode_ci DEFAULT NULL,
  `foto` varchar(255) COLLATE utf8mb4_unicode_ci DEFAULT NULL,
  `foto_path` varchar(255) COLLATE utf8mb4_unicode_ci DEFAULT NULL,
  `password` varchar(255) COLLATE utf8mb4_unicode_ci NOT NULL,
  `remember_token` varchar(100) COLLATE utf8mb4_unicode_ci DEFAULT NULL,
  `is_penanda_tangan` enum('TRUE','FALSE') COLLATE utf8mb4_unicode_ci DEFAULT NULL,
  `img_ttd` varchar(100) COLLATE utf8mb4_unicode_ci DEFAULT NULL,
  `uuid` varchar(500) COLLATE utf8mb4_unicode_ci DEFAULT NULL,
  `created_at` timestamp NULL DEFAULT NULL,
  `updated_at` timestamp NULL DEFAULT NULL,
  PRIMARY KEY (`id`),
  UNIQUE KEY `username` (`username`),
  KEY `uuid` (`uuid`)
) ENGINE=InnoDB AUTO_INCREMENT=6 DEFAULT CHARSET=utf8mb4 COLLATE=utf8mb4_unicode_ci;
/*!40101 SET character_set_client = @saved_cs_client */;

--
-- Dumping data for table `users`
--

LOCK TABLES `users` WRITE;
/*!40000 ALTER TABLE `users` DISABLE KEYS */;
INSERT INTO `users` VALUES (1,'1','superadmin','',1,'Lian Mafutra',NULL,NULL,NULL,'$2y$10$0TCZyv09VXo58L2.JmjSeen0p126nwBE9LkBK41zy1TQ0.ftCASLG','60o9kk52jc6fxbxo7lcSKNtWkA3uelisN1SeJSZsNtm2n5JfN3vRh9QZrfqg',NULL,NULL,'4eebbb1b-bb61-480c-b449-9d80111a7645','2022-11-23 09:04:52','2022-12-25 10:34:33'),(2,'3','diskominfo','',20,'Admin Diskominfo',NULL,'e72c9637-4ee9-47a0-a400-27c344699e49','2022/11/profile','$2y$10$OCB49nkJKuOT96XCaGT5x.oMPTVgPHonOTKwlkT/mHqT1zZdHD882','2SrC7nHcafkqC91FFD3fv0wY4kd2Z7nffVt48dG4gAqfFf8IePvEZSSr0vH2',NULL,NULL,'cf8398a1-134e-4a90-a2e7-f194f452b6b4','2022-11-23 09:04:52','2022-12-27 04:42:55'),(3,'5','admin_inspektorat','196701011991031001',36,'DJAUHARI HALIM. AK ','083344562782','64e12729-9809-40f0-a03d-8817f298bd32','2022/11/profile','$2y$10$PinWMz5nJozdtn.VeWlMl..sTelKRTDDRvhaEdPBnjq86wfWq5dVu','0gBdaSJ7CdckEhjmN8QtDjYo549mYmHG8JqFOEktyztEY0ES3hJRthcxJzqO','FALSE',NULL,'26cabc5d-7c32-4e97-83f0-a02a226783c5','2022-11-23 09:04:52','2023-01-02 09:17:52'),(4,'2','inspektur','197406071994032002',36,'YUNITA INDRAWATI',NULL,'e72c9637-4ee9-47a0-a400-27c344699e49','2022/11/profile','$2y$10$kYfNDorzKArShXobEk6.aepj8o4ohx8OS24ZfpliTlZtneBFg6Vnu','loobYdX33z0jkZlkC7SIM94VpY0RmPZcLZ8NIrlEJmwuzgbHo90YIbyUeZow','TRUE','ttd-1672647418.png','743bf273-b7c0-44f2-aba4-eb6d39a12f28','2022-11-23 09:04:52','2023-01-02 08:16:58'),(5,'4','admin_kasubag','196601131990032002',36,'RAHMAWINAR LUBIS',NULL,'e72c9637-4ee9-47a0-a400-27c344699e49','2022/11/profile','$2y$10$IehZzFG0Kp7zN/lD02a9Ney/9vkja/2.HWGje0W4ekDJyKKQHmUpK','loobYdX33z0jkZlkC7SIM94VpY0RmPZcLZ8NIrlEJmwuzgbHo90YIbyUeZow',NULL,NULL,'a14f74ec-1e3c-4a04-b507-25f1bf750b07','2022-11-23 09:04:52','2023-01-02 08:17:08');
/*!40000 ALTER TABLE `users` ENABLE KEYS */;
UNLOCK TABLES;
/*!40103 SET TIME_ZONE=@OLD_TIME_ZONE */;

/*!40101 SET SQL_MODE=@OLD_SQL_MODE */;
/*!40014 SET FOREIGN_KEY_CHECKS=@OLD_FOREIGN_KEY_CHECKS */;
/*!40014 SET UNIQUE_CHECKS=@OLD_UNIQUE_CHECKS */;
/*!40101 SET CHARACTER_SET_CLIENT=@OLD_CHARACTER_SET_CLIENT */;
/*!40101 SET CHARACTER_SET_RESULTS=@OLD_CHARACTER_SET_RESULTS */;
/*!40101 SET COLLATION_CONNECTION=@OLD_COLLATION_CONNECTION */;
/*!40111 SET SQL_NOTES=@OLD_SQL_NOTES */;

-- Dump completed on 2023-01-02 16:19:09
